slot,job_id,start_ns,end_ns,worker,task_id,index
0,0,1292035,1300924,5,65535,0
0,0,1300395,1322358,5,0,0
0,2,1321562,1323878,5,65532,0
0,121,1323790,1347314,5,1,0
0,6,1296030,1348252,5,65535,3
0,3,1348152,1350498,5,0,3
0,8,1350047,1350958,5,65532,3
0,203,1350924,1354798,5,1,3
0,10,1296345,1355645,5,65535,5
0,5,1355548,1356855,5,0,5
0,12,1356577,1357247,5,65532,5
0,205,1357198,1358726,5,1,5
0,14,1296648,1359508,5,65535,7
0,7,1359420,1360626,5,0,7
0,16,1360360,1361002,5,65532,7
0,207,1360969,1362363,5,1,7
0,18,1297068,1363129,5,65535,9
0,9,1363039,1366129,5,0,9
0,21,1365868,1366631,5,65532,9
0,209,1366598,1368246,5,1,9
0,23,1298758,1368942,5,65535,11
0,11,1368850,1370055,5,0,11
0,25,1369662,1370522,5,65532,11
0,211,1370420,1373894,5,1,11
0,27,1299176,1374634,5,65535,13
0,13,1374545,1375547,5,0,13
0,29,1375349,1375936,5,65532,13
0,213,1375904,1377201,5,1,13
0,31,1299465,1378123,5,65535,15
0,15,1378035,1379403,5,0,15
0,32,1379089,1379684,5,65532,15
0,215,1379653,1382444,5,1,15
0,35,1299750,1384380,5,65535,17
0,17,1384294,1386619,5,0,17
0,38,1386088,1387770,5,65532,17
0,217,1387682,1392016,5,1,17
0,40,1300475,1393612,5,65535,20
0,1,1294733,1301703,6,65535,1
0,1,1301391,1324448,6,0,1
0,3,1322135,1325665,6,65532,1
0,122,1325573,1347065,6,1,1
0,5,1295875,1347749,6,65535,2
0,2,1347657,1349286,6,0,2
0,7,1348955,1349799,6,65532,2
0,202,1349724,1351421,6,1,2
0,9,1296197,1352259,6,65535,4
0,4,1352177,1355820,6,0,4
0,11,1355546,1356267,6,65532,4
0,204,1356235,1357665,6,1,4
0,13,1296493,1358412,6,65535,6
0,6,1358326,1359680,6,0,6
0,15,1359427,1360193,6,65532,6
0,206,1360161,1361328,6,1,6
0,17,1296912,1362073,6,65535,8
0,8,1361994,1363249,6,0,8
0,19,1362873,1363832,6,65532,8
0,208,1363802,1365039,6,1,8
0,20,1298428,1365578,6,65535,10
0,10,1365495,1366886,6,0,10
0,22,1366640,1367397,6,65532,10
0,210,1367366,1368794,6,1,10
0,24,1299035,1369503,6,65535,12
0,12,1369420,1370729,6,0,12
0,26,1370366,1371108,6,65532,12
0,212,1371077,1374452,6,1,12
0,28,1299321,1375346,6,65535,14
0,14,1375257,1376767,6,0,14
0,30,1376507,1377177,6,65532,14
0,214,1377146,1380201,6,1,14
0,33,1299607,1381140,6,65535,16
0,16,1381035,1382317,6,0,16
0,34,1381958,1382647,6,65532,16
0,216,1382569,1384137,6,1,16
0,36,1299891,1385357,6,65535,18
0,18,1385264,1386698,6,0,18
0,37,1386171,1387601,6,65532,18
0,218,1387569,1391597,6,1,18
0,39,1300182,1392429,6,65535,19
0,19,1392349,1393749,6,0,19
0,41,1393226,1394616,6,65532,19
0,219,1394571,1397777,6,1,19
0,20,1393472,1396087,5,0,20
0,42,1395903,1396923,5,65532,20
0,220,1396892,1400518,5,1,20
0,43,1300650,1401349,5,65535,21
0,21,1401252,1402248,5,0,21
0,45,1300865,1403392,5,65535,22
0,22,1403312,1404832,5,0,22
0,46,1404624,1405220,5,65532,22
0,222,1405187,1407503,5,1,22
0,48,1301244,1408586,5,65535,24
0,24,1408492,1409858,5,0,24
0,50,1409597,1410345,5,65532,24
0,224,1410310,1412373,5,1,24
0,52,1301527,1414317,5,65535,26
0,26,1414233,1415840,5,0,26
0,54,1415417,1416388,5,65532,26
0,226,1416354,1417759,5,1,26
0,55,1301711,1418175,5,65535,27
0,27,1418142,1419372,5,0,27
0,57,1418951,1419857,5,65532,27
0,227,1419824,1421554,5,1,27
0,59,1301995,1422656,5,65535,29
0,29,1422545,1423634,5,0,29
0,61,1423337,1424012,5,65532,29
0,229,1423977,1425247,5,1,29
0,63,1303210,1427744,5,65535,31
0,31,1427649,1428649,5,0,31
0,64,1428482,1428989,5,65532,31
0,231,1428956,1431102,5,1,31
0,67,1303495,1433153,5,65535,33
0,33,1433065,1434326,5,0,33
0,69,1434024,1434802,5,65532,33
0,233,1434770,1436516,5,1,33
0,71,1303784,1437486,5,65535,35
0,35,1437399,1438534,5,0,35
0,73,1438229,1438915,5,65532,35
0,235,1438882,1440843,5,1,35
0,75,1304071,1441603,5,65535,37
0,37,1441520,1442907,5,0,37
0,77,1442532,1443488,5,65532,37
0,237,1443397,1444778,5,1,37
0,79,1304364,1445766,5,65535,39
0,39,1445666,1446867,5,0,39
0,81,1446634,1447248,5,65532,39
0,239,1447215,1450863,5,1,39
0,84,1304788,1451721,5,65535,42
0,42,1451636,1452735,5,0,42
0,86,1452431,1453336,5,65532,42
0,242,1453251,1457625,5,1,42
0,88,1305073,1458520,5,65535,44
0,44,1458419,1459636,5,0,44
0,89,1459379,1460344,5,65532,44
0,244,1460310,1462047,5,1,44
0,91,1305213,1462615,5,65535,45
0,45,1462528,1463576,5,0,45
0,93,1463346,1463956,5,65532,45
0,245,1463923,1465322,5,1,45
0,97,1305650,1470720,5,65535,48
0,48,1470624,1471737,5,0,48
0,99,1471539,1472329,5,65532,48
0,248,1472296,1473602,5,1,48
0,101,1307133,1474455,5,65535,50
0,50,1474369,1475313,5,0,50
0,102,1475151,1475569,5,65532,50
0,250,1475536,1477959,5,1,50
0,104,1477900,1479141,5,65532,51
0,251,1479053,1482030,5,1,51
0,106,1307572,1482814,5,65535,53
0,53,1482726,1484042,5,0,53
0,108,1483805,1484513,5,65532,53
0,253,1484479,1485938,5,1,53
0,109,1307735,1486591,5,65535,54
0,54,1486506,1487551,5,0,54
0,111,1487248,1487927,5,65532,54
0,254,1487894,1489840,5,1,54
0,113,1308025,1490543,5,65535,56
0,56,1490459,1491979,5,0,56
0,115,1491720,1492423,5,65532,56
0,256,1492389,1498307,5,1,56
0,118,1308461,1499309,5,65535,59
0,59,1499222,1500486,5,0,59
0,120,1500248,1500862,5,65532,59
0,259,1500829,1502072,5,1,59
0,122,1502801,1503781,5,65532,60
0,260,1503679,1505228,5,1,60
0,124,1308926,1506387,5,65535,62
0,62,1506303,1507541,5,0,62
0,126,1507366,1509695,5,65532,62
0,262,1509662,1511280,5,1,62
0,128,1310468,1512931,5,65535,64
0,64,1512840,1513882,5,0,64
0,129,1513723,1514399,5,65532,64
0,263,1514318,1517050,5,1,64
0,131,1310626,1517968,5,65535,65
0,65,1517876,1518894,5,0,65
0,133,1518663,1519270,5,65532,65
0,265,1519236,1520679,5,1,65
0,135,1310931,1521604,5,65535,67
0,67,1521519,1522645,5,0,67
0,137,1522312,1523185,5,65532,67
0,267,1523082,1524244,5,1,67
0,139,1311218,1525250,5,65535,69
0,69,1525164,1526429,5,0,69
0,140,1526272,1526678,5,65532,69
0,269,1526646,1528435,5,1,69
0,142,1311505,1529510,5,65535,71
0,71,1529424,1530556,5,0,71
0,143,1530261,1531066,5,65532,71
0,271,1531031,1535171,5,1,71
0,147,1311788,1536262,5,65535,73
0,73,1536179,1537149,5,0,73
0,148,1536990,1537678,5,65532,73
0,273,1537520,1539814,5,1,73
0,150,1312070,1540699,5,65535,75
0,75,1540609,1541595,5,0,75
0,152,1541363,1542016,5,65532,75
0,275,1541936,1543108,5,1,75
0,154,1312354,1544379,5,65535,77
0,77,1544296,1548442,5,0,77
0,155,1548185,1548972,5,65532,77
0,276,1548870,1550135,5,1,77
0,157,1312496,1550999,5,65535,78
0,78,1550915,1552131,5,0,78
0,159,1551835,1552504,5,65532,78
0,278,1552473,1553972,5,1,78
0,161,1312779,1554836,5,65535,80
0,80,1554755,1561131,5,0,80
0,165,1314243,1562060,5,65535,82
0,82,1561975,1565167,5,0,82
0,167,1565000,1565545,5,65532,82
0,282,1565510,1569177,5,1,82
0,170,1314667,1570665,5,65535,85
0,85,1570585,1572830,5,0,85
0,173,1314809,1574180,5,65535,86
0,86,1574096,1578375,5,0,86
0,176,1578062,1579219,5,65532,86
0,44,1402100,1403176,6,65532,21
0,221,1403087,1405261,6,1,21
0,47,1301102,1406418,6,65535,23
0,23,1406337,1408570,6,0,23
0,49,1408257,1409450,6,65532,23
0,223,1409417,1412164,6,1,23
0,51,1301385,1414063,6,65535,25
0,25,1413971,1415526,6,0,25
0,53,1415082,1416018,6,65532,25
0,225,1415934,1418514,6,1,25
0,56,1301853,1419431,6,65535,28
0,28,1419341,1420679,6,0,28
0,58,1420326,1421149,6,65532,28
0,228,1421115,1422513,6,1,28
0,60,1303061,1423418,6,65535,30
0,30,1423335,1424537,6,0,30
0,62,1424243,1424927,6,65532,30
0,230,1424893,1427282,6,1,30
0,65,1303353,1429915,6,65535,32
0,32,1429832,1431358,6,0,32
0,66,1431008,1432004,6,65532,32
0,232,1431924,1433524,6,1,32
0,68,1303641,1434352,6,65535,34
0,34,1434266,1435486,6,0,34
0,70,1435187,1435924,6,65532,34
0,234,1435891,1437445,6,1,34
0,72,1303927,1438339,6,65535,36
0,36,1438247,1440234,6,0,36
0,74,1439927,1440612,6,65532,36
0,236,1440580,1441820,6,1,36
0,76,1304217,1442780,6,65535,38
0,38,1442695,1443895,6,0,38
0,78,1443554,1444329,6,65532,38
0,238,1444296,1445609,6,1,38
0,80,1304505,1446601,6,65535,40
0,40,1446516,1449164,6,0,40
0,82,1448851,1449546,6,65532,40
0,240,1449513,1450790,6,1,40
0,83,1304647,1451379,6,65535,41
0,41,1451279,1452331,6,0,41
0,85,1452029,1453269,6,65532,41
0,241,1453176,1457239,6,1,41
0,87,1304931,1458288,6,65535,43
0,43,1458174,1459580,6,0,43
0,90,1459214,1460626,6,65532,43
0,243,1460536,1462361,6,1,43
0,92,1305366,1463316,6,65535,46
0,46,1463234,1464384,6,0,46
0,94,1464031,1464823,6,65532,46
0,246,1464788,1467713,6,1,46
0,95,1305508,1468516,6,65535,47
0,47,1468465,1469514,6,0,47
0,96,1469188,1469947,6,65532,47
0,247,1469913,1471034,6,1,47
0,98,1306990,1471965,6,65535,49
0,49,1471874,1473433,6,0,49
0,100,1473063,1474064,6,65532,49
0,249,1473975,1475694,6,1,49
0,103,1307276,1476552,6,65535,51
0,51,1476474,1478446,6,0,51
0,105,1307429,1479460,6,65535,52
0,52,1479363,1482653,6,0,52
0,107,1482292,1483085,6,65532,52
0,252,1483051,1486231,6,1,52
0,110,1307882,1487213,6,65535,55
0,55,1487137,1489294,6,0,55
0,112,1488980,1489691,6,65532,55
0,255,1489657,1491363,6,1,55
0,114,1308178,1492139,6,65535,57
0,57,1492046,1493194,6,0,57
0,116,1492903,1493565,6,65532,57
0,257,1493531,1496459,6,1,57
0,117,1308320,1496910,6,65535,58
0,58,1496820,1499217,6,0,58
0,119,1498828,1499723,6,65532,58
0,258,1499689,1501031,6,1,58
0,121,1308627,1501973,6,65535,60
0,60,1501881,1503102,6,0,60
0,123,1308768,1504018,6,65535,61
0,61,1503933,1506353,6,0,61
0,125,1506021,1508758,6,65532,61
0,261,1508726,1511166,6,1,61
0,127,1310282,1512743,6,65535,63
0,63,1512651,1514208,6,0,63
0,130,1513810,1514715,6,65532,63
0,264,1514682,1517486,6,1,63
0,132,1310788,1518385,6,65535,66
0,66,1518291,1519603,6,0,66
0,134,1519228,1520046,6,65532,66
0,266,1520014,1521441,6,1,66
0,136,1311075,1522096,6,65535,68
0,68,1522003,1523214,6,0,68
0,138,1522900,1523823,6,65532,68
0,268,1523791,1528205,6,1,68
0,141,1311362,1529187,6,65535,70
0,70,1529096,1530440,6,0,70
0,144,1529958,1531261,6,65532,70
0,270,1531173,1532743,6,1,70
0,145,1311647,1533636,6,65535,72
0,72,1533550,1535103,6,0,72
0,146,1534699,1535664,6,65532,72
0,272,1535571,1537262,6,1,72
0,149,1311929,1538421,6,65535,74
0,74,1538370,1540686,6,0,74
0,151,1540318,1541242,6,65532,74
0,274,1541211,1542506,6,1,74
0,153,1312214,1544176,6,65535,76
0,76,1544086,1548844,6,0,76
0,156,1548348,1549287,6,65532,76
0,277,1549252,1550765,6,1,76
0,158,1312638,1551671,6,65535,79
0,79,1551588,1553461,6,0,79
0,160,1553165,1554107,6,65532,79
0,279,1554019,1556125,6,1,79
0,162,1314101,1556929,6,65535,81
0,81,1556848,1557895,6,0,81
0,163,1557527,1558248,6,65532,81
0,280,1558218,1560687,6,1,81
0,164,1560607,1561822,6,65532,80
0,281,1561733,1563264,6,1,80
0,166,1314384,1564302,6,65535,83
0,83,1564269,1566025,6,0,83
0,168,1565735,1566505,6,65532,83
0,283,1566430,1569404,6,1,83
0,169,1314526,1570084,6,65535,84
0,84,1569997,1571122,6,0,84
0,171,1570691,1571565,6,65532,84
0,284,1571475,1572898,6,1,84
0,172,1572452,1573775,6,65532,85
0,285,1573682,1575039,6,1,85
0,174,1314950,1575750,6,65535,87
0,87,1575700,1577335,6,0,87
0,175,1577053,1577672,6,65532,87
0,286,1577640,1579310,6,1,87
0,177,1315092,1580135,6,65535,88
0,88,1580044,1582801,6,0,88
0,179,1582473,1583785,6,65532,88
0,288,1583704,1585670,6,1,88
0,181,1315376,1586616,6,65535,90
0,90,1586515,1589976,6,0,90
0,185,1315660,1591575,6,65535,92
0,92,1591490,1597238,6,0,92
0,188,1596589,1599344,6,65532,92
0,287,1579138,1581804,5,1,86
0,178,1315233,1582939,5,65535,89
0,89,1582837,1584755,5,0,89
0,180,1584584,1585332,5,65532,89
0,289,1585298,1586869,5,1,89
0,182,1315517,1587898,5,65535,91
0,91,1587799,1588825,5,0,91
0,183,1588615,1589069,5,65532,91
0,290,1589035,1590042,5,1,91
0,184,1589360,1591158,5,65532,90
0,291,1591059,1594328,5,1,90
0,186,1315801,1595170,5,65535,93
0,93,1595083,1597101,5,0,93
0,187,1596527,1598733,5,65532,93
0,292,1598645,1599865,5,1,93
0,189,1315942,1600719,5,65535,94
0,94,1600633,1602905,5,0,94
0,190,1602749,1603175,5,65532,94
0,294,1603141,1604432,5,1,94
0,191,1316084,1605275,5,65535,95
0,95,1605242,1608224,5,0,95
0,194,1607930,1609312,5,65532,95
0,296,1609231,1611039,5,1,95
0,195,1316368,1611626,5,65535,97
0,97,1611542,1612723,5,0,97
0,197,1612382,1613351,5,65532,97
0,297,1613317,1614476,5,1,97
0,199,1316658,1618923,5,65535,99
0,99,1618827,1620052,5,0,99
0,201,1619821,1620799,5,65532,99
0,299,1620712,1622408,5,1,99
0,203,1317990,1623287,5,65535,101
0,101,1623192,1624361,5,0,101
0,205,1624052,1624745,5,65532,101
0,301,1624710,1626772,5,1,101
0,207,1318367,1627585,5,65535,103
0,103,1627496,1630428,5,0,103
0,208,1630264,1630677,5,65532,103
0,303,1630644,1632325,5,1,103
0,210,1318650,1633215,5,65535,105
0,105,1633125,1634289,5,0,105
0,212,1633983,1634671,5,65532,105
0,305,1634637,1635892,5,1,105
0,214,1318933,1636797,5,65535,107
0,107,1636764,1640839,5,0,107
0,217,1640579,1641282,5,65532,107
0,307,1641249,1643930,5,1,107
0,219,1319276,1644923,5,65535,109
0,109,1644833,1646061,5,0,109
0,221,1645681,1646439,5,65532,109
0,309,1646405,1648420,5,1,109
0,223,1319559,1649237,5,65535,111
0,111,1649147,1650404,5,0,111
0,225,1650163,1650909,5,65532,111
0,311,1650861,1651958,5,1,111
0,227,1319845,1652754,5,65535,113
0,113,1652669,1655114,5,0,113
0,228,1654960,1655412,5,65532,113
0,313,1655329,1656372,5,1,113
0,230,1320131,1657356,5,65535,115
0,115,1657254,1658518,5,0,115
0,232,1658244,1658906,5,65532,115
0,315,1658871,1662452,5,1,115
0,235,1320473,1663318,5,65535,117
0,117,1663227,1666245,5,0,117
0,236,1665529,1666777,5,65532,117
0,317,1666718,1669897,5,1,117
0,238,1320757,1670769,5,65535,119
0,119,1670685,1671940,5,0,119
0,240,1671684,1672698,5,65532,119
0,319,1672611,1674417,5,1,119
0,242,1322454,1676679,5,65535,121
0,123,1676592,1678149,5,0,121
0,243,1677842,1678495,5,65532,121
0,321,1678462,1680298,5,1,121
0,245,1322721,1681347,5,65535,122
0,124,1681268,1682457,5,0,122
0,247,1682221,1682837,5,65532,122
0,322,1682804,1684039,5,1,122
0,249,1323511,1684909,5,65535,124
0,126,1684819,1686604,5,0,124
0,250,1686309,1686936,5,65532,124
0,324,1686904,1689152,5,1,124
0,252,1323847,1690029,5,65535,126
0,128,1689945,1691206,5,0,126
0,254,1690929,1692127,5,65532,126
0,326,1692046,1693405,5,1,126
0,255,1324068,1693885,5,65535,127
0,129,1693803,1694682,5,0,127
0,256,1694538,1695004,5,65532,127
0,327,1694971,1696011,5,1,127
0,258,1324462,1696882,5,65535,129
0,131,1696787,1700001,5,0,129
0,261,1699698,1700378,5,65532,129
0,329,1700344,1702129,5,1,129
0,263,1324859,1702932,5,65535,131
0,133,1702843,1703961,5,0,131
0,265,1703653,1704481,5,65532,131
0,331,1704308,1705857,5,1,131
0,267,1326361,1706520,5,65535,133
0,135,1706435,1707654,5,0,133
0,268,1707505,1707898,5,65532,133
0,333,1707866,1708872,5,1,133
0,270,1326688,1709686,5,65535,135
0,137,1709607,1710827,5,0,135
0,272,1710592,1711207,5,65532,135
0,335,1711175,1712584,5,1,135
0,274,1327068,1714423,5,65535,137
0,139,1714331,1715456,5,0,137
0,276,1715285,1715840,5,65532,137
0,337,1715807,1717024,5,1,137
0,278,1327457,1718155,5,65535,139
0,141,1718066,1719359,5,0,139
0,280,1718969,1720025,5,65532,139
0,339,1719938,1721242,5,1,139
0,282,1327739,1722645,5,65535,141
0,143,1722537,1723821,5,0,141
0,284,1723589,1724460,5,65532,141
0,341,1724370,1726901,5,1,141
0,286,1328022,1728000,5,65535,143
0,145,1727904,1729054,5,0,143
0,288,1728757,1729632,5,65532,143
0,343,1729552,1730771,5,1,143
0,289,1328167,1732928,5,65535,144
0,146,1732834,1734034,5,0,144
0,290,1733703,1734417,5,65532,144
0,344,1734383,1735672,5,1,144
0,292,1328509,1739393,5,65535,146
0,148,1739299,1743387,5,0,146
0,294,1743192,1743822,5,65532,146
0,346,1743741,1745564,5,1,146
0,296,1328791,1746660,5,65535,148
0,150,1746560,1747695,5,0,148
0,298,1747435,1748579,5,65532,148
0,348,1748497,1752447,5,1,148
0,299,1328934,1753056,5,65535,149
0,151,1752957,1754356,5,0,149
0,302,1754124,1755674,5,65532,149
0,349,1755583,1757247,5,1,149
0,304,1329359,1758453,5,65535,152
0,154,1758406,1762719,5,0,152
0,307,1762378,1763102,5,65532,152
0,352,1763069,1764465,5,1,152
0,309,1330885,1765294,5,65535,154
0,156,1765261,1767782,5,0,154
0,312,1767576,1768802,5,65532,154
0,355,1768768,1774577,5,1,154
0,293,1599311,1603242,6,1,92
0,192,1316225,1606945,6,65535,96
0,96,1606859,1608120,6,0,96
0,193,1607800,1609007,6,65532,96
0,295,1608919,1611412,6,1,96
0,196,1316510,1612231,6,65535,98
0,98,1612145,1613745,6,0,98
0,198,1613429,1614132,6,65532,98
0,298,1614100,1617550,6,1,98
0,200,1316801,1619259,6,65535,100
0,100,1619174,1620612,6,0,100
0,202,1620141,1621127,6,65532,100
0,300,1621094,1623042,6,1,100
0,204,1318226,1623847,6,65535,102
0,102,1623814,1625078,6,0,102
0,206,1624693,1625585,6,65532,102
0,302,1625552,1630838,6,1,102
0,209,1318508,1631800,6,65535,104
0,104,1631712,1633025,6,0,104
0,211,1632567,1633518,6,65532,104
0,304,1633485,1635024,6,1,104
0,213,1318791,1635896,6,65535,106
0,106,1635812,1637545,6,0,106
0,215,1637178,1637919,6,65532,106
0,306,1637887,1640315,6,1,106
0,216,1319075,1640989,6,65535,108
0,108,1640896,1641893,6,0,108
0,218,1641718,1642440,6,65532,108
0,308,1642407,1644397,6,1,108
0,220,1319418,1645459,6,65535,110
0,110,1645373,1647281,6,0,110
0,222,1646920,1647755,6,65532,110
0,310,1647723,1649294,6,1,110
0,224,1319702,1650175,6,65535,112
0,112,1650084,1651381,6,0,112
0,226,1651089,1651759,6,65532,112
0,312,1651726,1655172,6,1,112
0,229,1319990,1656079,6,65535,114
0,114,1655981,1657491,6,0,114
0,231,1657065,1657931,6,65532,114
0,314,1657898,1659609,6,1,114
0,233,1320273,1660617,6,65535,116
0,116,1660534,1662066,6,0,116
0,234,1661904,1662318,6,65532,116
0,316,1662284,1665384,6,1,116
0,237,1320616,1670352,6,65535,118
0,118,1670264,1671618,6,0,118
0,239,1671274,1672521,6,65532,118
0,318,1672429,1674361,6,1,118
0,241,1320899,1676542,6,65535,120
0,120,1676439,1678464,6,0,120
0,244,1677629,1679349,6,65532,120
0,320,1679317,1680853,6,1,120
0,246,1323058,1682100,6,65535,123
0,125,1682018,1683469,6,0,123
0,248,1683093,1683853,6,65532,123
0,323,1683819,1685111,6,1,123
0,251,1323655,1689589,6,65535,125
0,127,1689504,1691043,6,0,125
0,253,1690586,1691907,6,65532,125
0,325,1691819,1693492,6,1,125
0,257,1324244,1695985,6,65535,128
0,130,1695901,1697395,6,0,128
0,259,1697103,1697894,6,65532,128
0,328,1697861,1699208,6,1,128
0,260,1324717,1699861,6,65535,130
0,132,1699774,1700804,6,0,130
0,262,1700560,1701243,6,65532,130
0,330,1701209,1702478,6,1,130
0,264,1325073,1703417,6,65535,132
0,134,1703329,1704608,6,0,132
0,266,1704221,1705117,6,65532,132
0,332,1705084,1708404,6,1,132
0,269,1326546,1709247,6,65535,134
0,136,1709155,1710346,6,0,134
0,271,1709981,1710983,6,65532,134
0,334,1710894,1712633,6,1,134
0,273,1326833,1713997,6,65535,136
0,138,1713917,1715128,6,0,136
0,275,1714779,1715585,6,65532,136
0,336,1715494,1716830,6,1,136
0,277,1327315,1718021,6,65535,138
0,140,1717933,1719119,6,0,138
0,279,1718757,1719966,6,65532,138
0,338,1719879,1721405,6,1,138
0,281,1327598,1722409,6,65535,140
0,142,1722326,1723754,6,0,140
0,283,1723419,1724311,6,65532,140
0,340,1724221,1726744,6,1,140
0,285,1327881,1727689,6,65535,142
0,144,1727586,1728804,6,0,142
0,287,1728363,1729460,6,65532,142
0,342,1729371,1730854,6,1,142
0,291,1328308,1737926,6,65535,145
0,147,1737834,1743009,6,0,145
0,293,1742637,1743531,6,65532,145
0,345,1743430,1745475,6,1,145
0,295,1328650,1746394,6,65535,147
0,149,1746303,1747591,6,0,147
0,297,1747245,1748499,6,65532,147
0,347,1748412,1752910,6,1,147
0,300,1329075,1753590,6,65535,150
0,152,1753556,1754816,6,0,150
0,301,1754461,1755556,6,65532,150
0,350,1755523,1757121,6,1,150
0,303,1329216,1757856,6,65535,151
0,153,1757760,1759305,6,0,151
0,305,1758934,1759815,6,65532,151
0,351,1759783,1762000,6,1,151
0,306,1330743,1762593,6,65535,153
0,155,1762502,1763599,6,0,153
0,308,1763349,1764027,6,65532,153
0,353,1763995,1765420,6,1,153
0,310,1331030,1766410,6,65535,155
0,157,1766317,1767671,6,0,155
0,311,1767271,1768398,6,65532,155
0,354,1768311,1770202,6,1,155
0,313,1331175,1770923,6,65535,156
0,158,1770840,1772733,6,0,156
0,314,1772466,1773008,6,65532,156
0,356,1772975,1776949,6,1,156
0,315,1331319,1778516,6,65535,157
0,159,1778433,1779356,6,0,157
0,316,1779185,1779776,6,65532,157
0,357,1779742,1781568,6,1,157
0,318,1331608,1782963,6,65535,159
0,161,1782871,1784076,6,0,159
0,319,1783749,1784542,6,65532,159
0,358,1784455,1788624,6,1,159
0,321,1331754,1789990,6,65535,160
0,162,1789900,1792266,6,0,160
0,317,1331464,1782786,5,65535,158
0,160,1782696,1785351,5,0,158
0,320,1785113,1785894,5,65532,158
0,359,1785862,1788765,5,1,158
0,322,1331899,1790232,5,65535,161
0,163,1790140,1791231,5,0,161
0,323,1791093,1791697,5,65532,161
0,360,1791665,1792969,5,1,161
0,325,1332042,1793901,5,65535,162
0,164,1793771,1795517,5,0,162
0,326,1795223,1795961,5,65532,162
0,362,1795928,1798014,5,1,162
0,328,1798318,1799471,5,65532,163
0,363,1799359,1802392,5,1,163
0,331,1332470,1803687,5,65535,165
0,167,1803591,1805096,5,0,165
0,332,1804946,1805600,5,65532,165
0,365,1805567,1806790,5,1,165
0,335,1332753,1810663,5,65535,167
0,169,1810570,1811815,5,0,167
0,337,1811513,1812317,5,65532,167
0,367,1812267,1813910,5,1,167
0,338,1333037,1814612,5,65535,169
0,171,1814523,1815657,5,0,169
0,339,1815343,1816286,5,65532,169
0,368,1816201,1818401,5,1,169
0,341,1333179,1820107,5,65535,170
0,172,1820019,1821078,5,0,170
0,343,1820845,1821816,5,65532,170
0,370,1821726,1824992,5,1,170
0,345,1335908,1825848,5,65535,172
0,174,1825754,1827309,5,0,172
0,347,1827050,1827741,5,65532,172
0,372,1827648,1829754,5,1,172
0,349,1336198,1830799,5,65535,174
0,176,1830718,1831946,5,0,174
0,351,1831636,1832421,5,65532,174
0,374,1832329,1834464,5,1,174
0,354,1336630,1835382,5,65535,177
0,179,1835299,1836679,5,0,177
0,356,1836200,1837437,5,65532,177
0,377,1837351,1838863,5,1,177
0,357,1336776,1839585,5,65535,178
0,180,1839485,1840515,5,0,178
0,359,1840232,1840893,5,65532,178
0,378,1840861,1842145,5,1,178
0,360,1841675,1843263,5,65532,179
0,379,1843167,1844914,5,1,179
0,362,1337203,1845653,5,65535,181
0,183,1845571,1847462,5,0,181
0,364,1847232,1847893,5,65532,181
0,381,1847860,1849787,5,1,181
0,366,1337487,1852096,5,65535,183
0,185,1852002,1854621,5,0,183
0,369,1337628,1855809,5,65535,184
0,186,1855720,1858007,5,0,184
0,371,1857701,1858513,5,65532,184
0,384,1858479,1860562,5,1,184
0,372,1860485,1861481,5,65532,185
0,385,1861391,1862882,5,1,185
0,374,1338052,1863682,5,65535,187
0,189,1863600,1864825,5,0,187
0,376,1864529,1865210,5,65532,187
0,387,1865179,1866385,5,1,187
0,377,1338194,1867142,5,65535,188
0,190,1867034,1868441,5,0,188
0,379,1868097,1868973,5,65532,188
0,388,1868942,1873442,5,1,188
0,382,1873670,1874620,5,65532,190
0,390,1874522,1875997,5,1,190
0,384,1875869,1876836,5,65532,191
0,391,1876734,1879081,5,1,191
0,386,1339966,1879782,5,65535,193
0,195,1879749,1881374,5,0,193
0,388,1881207,1881890,5,65532,193
0,393,1881797,1882805,5,1,193
0,389,1340110,1883348,5,65535,194
0,196,1883316,1884233,5,0,194
0,391,1884001,1884623,5,65532,194
0,394,1884589,1885619,5,1,194
0,393,1340400,1886822,5,65535,196
0,198,1886736,1887916,5,0,196
0,394,1887761,1888578,5,65532,196
0,396,1888545,1891122,5,1,196
0,397,1340686,1891817,5,65535,198
0,200,1891784,1896854,5,0,198
0,400,1896634,1897233,5,65532,198
0,324,1791912,1793141,6,65532,160
0,361,1793059,1795351,6,1,160
0,327,1332187,1797059,6,65535,163
0,165,1796975,1798780,6,0,163
0,329,1332328,1799863,6,65535,164
0,166,1799772,1802063,6,0,164
0,330,1801817,1803107,6,65532,164
0,364,1803016,1805750,6,1,164
0,333,1332611,1806922,6,65535,166
0,168,1806820,1808740,6,0,166
0,334,1808382,1809175,6,65532,166
0,366,1809143,1811049,6,1,166
0,336,1332896,1811934,6,65535,168
0,170,1811797,1816130,6,0,168
0,340,1815571,1816720,6,65532,168
0,369,1816688,1818458,6,1,168
0,342,1333321,1820381,6,65535,171
0,173,1820296,1821652,6,0,171
0,344,1821237,1822268,6,65532,171
0,371,1822188,1825934,6,1,171
0,346,1336054,1826677,6,65535,173
0,175,1826645,1827998,6,0,173
0,348,1827559,1828453,6,65532,173
0,373,1828419,1830438,6,1,173
0,350,1336343,1831430,6,65535,175
0,177,1831397,1832600,6,0,175
0,352,1832221,1832990,6,65532,175
0,375,1832956,1834348,6,1,175
0,353,1336486,1835165,6,65535,176
0,178,1835074,1836523,6,0,176
0,355,1836070,1837290,6,65532,176
0,376,1837189,1839168,6,1,176
0,358,1336920,1840326,6,65535,179
0,181,1840238,1842049,6,0,179
0,361,1337062,1843690,6,65535,180
0,182,1843427,1846015,6,0,180
0,363,1845690,1846597,6,65532,180
0,380,1846564,1849705,6,1,180
0,365,1337345,1850596,6,65535,182
0,184,1850512,1851952,6,0,182
0,367,1851672,1852416,6,65532,182
0,382,1852382,1854490,6,1,182
0,368,1854267,1855512,6,65532,183
0,383,1855425,1856863,6,1,183
0,370,1337769,1857669,6,65535,185
0,187,1857583,1860850,6,0,185
0,373,1337910,1861753,6,65535,186
0,188,1861666,1864081,6,0,186
0,375,1863576,1864681,6,65532,186
0,386,1864586,1866998,6,1,186
0,378,1339389,1867974,6,65535,189
0,191,1867884,1869379,6,0,189
0,380,1869081,1869856,6,65532,189
0,389,1869822,1871853,6,1,189
0,381,1339533,1872488,6,65535,190
0,192,1872458,1874067,6,0,190
0,383,1339677,1874747,6,65535,191
0,193,1874666,1876274,6,0,191
0,385,1339821,1877204,6,65535,192
0,194,1877122,1880196,6,0,192
0,387,1879843,1880630,6,65532,192
0,392,1880597,1883352,6,1,192
0,390,1340255,1884265,6,65535,195
0,197,1884175,1885537,6,0,195
0,392,1885230,1886376,6,65532,195
0,395,1886287,1887836,6,1,195
0,395,1340543,1889135,6,65535,197
0,199,1889042,1890414,6,0,197
0,396,1890048,1890792,6,65532,197
0,397,1890758,1894058,6,1,197
0,398,1340833,1894929,6,65535,199
0,201,1894882,1895785,6,0,199
0,399,1895559,1896125,6,65532,199
0,398,1896092,1897418,6,1,199
0,401,1909581,1923487,6,65529,0
0,400,1923384,1932473,6,2,0
0,402,1931990,1933532,6,65526,0
0,399,1897199,1993730,5,1,198
0,419,1993377,1994698,5,65529,199
0,608,1994664,1997705,5,2,199
0,421,1997400,1998380,5,65526,199
0,609,1998286,2001432,5,3,199
0,424,1992818,2001963,5,65529,198
0,607,2001929,2003498,5,2,198
0,425,2003341,2003737,5,65526,198
0,611,2003703,2008300,5,3,198
0,428,1992452,2008843,5,65529,197
0,605,2008809,2011389,5,2,197
0,429,2011231,2011608,5,65526,197
0,613,2011574,2013594,5,3,197
0,430,1992328,2014437,5,65529,196
0,604,2014345,2015683,5,2,196
0,432,2015517,2016060,5,65526,196
0,615,2016026,2020510,5,3,196
0,434,1992202,2021104,5,65529,195
0,603,2021020,2024524,5,2,195
0,437,2024343,2025362,5,65526,195
0,617,2025271,2028723,5,3,195
0,438,1992078,2029234,5,65529,194
0,602,2029146,2032451,5,2,194
0,441,2032061,2032843,5,65526,194
0,619,2032808,2035034,5,3,194
0,443,1991854,2035478,5,65529,193
0,601,2035446,2037825,5,2,193
0,446,2037161,2040525,5,65526,193
0,621,2040491,2042742,5,3,193
0,447,1991583,2043360,5,65529,192
0,600,2043275,2047437,5,2,192
0,448,2047257,2047777,5,65526,192
0,623,2047745,2051363,5,3,192
0,450,1991306,2052303,5,65529,191
0,599,2052214,2053680,5,2,191
0,452,2053503,2054088,5,65526,191
0,625,2054054,2056430,5,3,191
0,454,1988430,2057070,5,65529,190
0,598,2056978,2058394,5,2,190
0,456,2058205,2058759,5,65526,190
0,627,2058725,2062939,5,3,190
0,458,1988309,2063776,5,65529,189
0,597,2063743,2066688,5,2,189
0,460,2066236,2067085,5,65526,189
0,629,2067050,2069162,5,3,189
0,461,1988188,2069541,5,65529,188
0,596,2069508,2073545,5,2,188
0,462,2073387,2073785,5,65526,188
0,630,2073750,2076511,5,3,188
0,464,1987824,2077127,5,65529,187
0,595,2077043,2080605,5,2,187
0,466,2080430,2081534,5,65526,187
0,632,2081443,2084284,5,3,187
0,468,1987074,2085413,5,65529,186
0,594,2085313,2087626,5,2,186
0,470,2087010,2088074,5,65526,186
0,634,2088040,2096631,5,3,186
0,474,1986506,2097883,5,65529,185
0,592,2097798,2103614,5,2,185
0,476,2103437,2103995,5,65526,185
0,637,2103962,2106403,5,3,185
0,479,1986283,2107564,5,65529,184
0,425,1933483,1942371,6,3,0
0,403,1919227,1944016,6,65529,1
0,401,1943925,1945529,6,2,1
0,404,1945174,1945956,6,65526,1
0,468,1945923,1950070,6,3,1
0,405,1919940,1951206,6,65529,2
0,402,1951121,1955247,6,2,2
0,406,1954901,1955764,6,65526,2
0,484,1955730,1960093,6,3,2
0,407,1920109,1961003,6,65529,3
0,403,1960912,1963774,6,2,3
0,408,1963460,1964031,6,65526,3
0,525,1963997,1965834,6,3,3
0,409,1920245,1966919,6,65529,4
0,404,1966820,1968511,6,2,4
0,410,1967954,1968942,6,65526,4
0,537,1968909,1970845,6,3,4
0,411,1920436,1971606,6,65529,5
0,405,1971503,1972828,6,2,5
0,412,1972391,1973440,6,65526,5
0,539,1973358,1976754,6,3,5
0,413,1920612,1977357,6,65529,6
0,406,1977323,1981429,6,2,6
0,414,1980670,1982427,6,65526,6
0,572,1982328,1985093,6,3,6
0,415,1920759,1985900,6,65529,7
0,407,1985816,1987134,6,2,7
0,416,1986655,1987542,6,65526,7
0,593,1987452,1991121,6,3,7
0,417,1920970,1991943,6,65529,8
0,408,1991859,1992992,6,2,8
0,418,1992658,1993728,6,65526,8
0,606,1993641,1995562,6,3,8
0,420,1921113,1996737,6,65529,9
0,409,1996651,1998234,6,2,9
0,422,1997657,1998828,6,65526,9
0,610,1998794,2000548,6,3,9
0,423,1923649,2001043,6,65529,10
0,410,2001009,2004172,6,2,10
0,426,2003907,2004771,6,65526,10
0,612,2004738,2007511,6,3,10
0,427,1923816,2008114,6,65529,11
0,411,2008033,2013965,6,2,11
0,431,2013638,2014518,6,65526,11
0,614,2014434,2016589,6,3,11
0,433,1923940,2017143,6,65529,12
0,412,2017109,2020661,6,2,12
0,435,2020315,2021288,6,65526,12
0,616,2021206,2024444,6,3,12
0,436,1924065,2025308,6,65529,13
0,413,2025217,2028880,6,2,13
0,439,2028523,2029524,6,65526,13
0,618,2029491,2031494,6,3,13
0,440,1924603,2032481,6,65529,14
0,414,2032395,2033734,6,2,14
0,442,2033408,2034216,6,65526,14
0,620,2034182,2036979,6,3,14
0,444,1924887,2038155,6,65529,15
0,415,2038066,2039302,6,2,15
0,445,2039006,2039662,6,65526,15
0,622,2039628,2043815,6,3,15
0,449,1925144,2050379,6,65529,16
0,416,2050291,2051999,6,2,16
0,451,2051593,2052571,6,65526,16
0,624,2052490,2054583,6,3,16
0,453,1925270,2055450,6,65529,17
0,417,2055354,2056790,6,2,17
0,455,2056387,2057307,6,65526,17
0,626,2057274,2061136,6,3,17
0,457,1925401,2062057,6,65529,18
0,418,2061968,2066013,6,2,18
0,459,2065650,2066739,6,65526,18
0,628,2066652,2075339,6,3,18
0,463,1925527,2076253,6,65529,19
0,419,2076156,2077874,6,2,19
0,465,2077666,2078266,6,65526,19
0,631,2078233,2080759,6,3,19
0,467,1925653,2081966,6,65529,20
0,420,2081874,2085100,6,2,20
0,469,2084413,2085592,6,65526,20
0,633,2085510,2088310,6,3,20
0,471,1925780,2091994,6,65529,21
0,421,2091902,2093408,6,2,21
0,472,2093125,2093708,6,65526,21
0,635,2093675,2096210,6,3,21
0,473,1925907,2097073,6,65529,22
0,422,2096985,2098342,6,2,22
0,475,2098111,2099001,6,65526,22
0,636,2098967,2104356,6,3,22
0,477,1926081,2105197,6,65529,23
0,423,2105109,2106585,6,2,23
0,478,2106082,2107439,6,65526,23
0,638,2107407,2109489,6,3,23
0,480,1926242,2110498,6,65529,24
0,424,2110467,2111537,6,2,24
0,481,2111427,2111873,6,65526,24
0,639,2111839,2126851,6,3,24
0,488,1932244,2128605,6,65529,25
0,426,2128520,2130774,6,2,25
0,490,2130534,2131456,6,65526,25
0,644,2131422,2134213,6,3,25
0,591,2107464,2116800,5,2,184
0,482,2116517,2117514,5,65526,184
0,640,2117480,2119317,5,3,184
0,483,1985907,2119596,5,65529,183
0,590,2119562,2120900,5,2,183
0,484,2120791,2121115,5,65526,183
0,641,2121081,2122857,5,3,183
0,485,1985762,2123188,5,65529,182
0,589,2123155,2124558,5,2,182
0,486,2124427,2124791,5,65526,182
0,642,2124760,2126963,5,3,182
0,487,1985386,2127723,5,65529,181
0,588,2127621,2129993,5,2,181
0,489,2129766,2130313,5,65526,181
0,643,2130280,2132356,5,3,181
0,491,1985144,2132800,5,65529,180
0,587,2132767,2138367,5,2,180
0,492,2138196,2138689,5,65526,180
0,645,2138656,2141914,5,3,180
0,494,1984981,2142365,5,65529,179
0,586,2142332,2143997,5,2,179
0,496,2143550,2144451,5,65526,179
0,647,2144362,2149711,5,3,179
0,497,1984856,2150116,5,65529,178
0,585,2150082,2150959,5,2,178
0,498,2150853,2151174,5,65526,178
0,648,2151142,2153088,5,3,178
0,500,1984731,2153862,5,65529,177
0,584,2153772,2155446,5,2,177
0,502,2155261,2155823,5,65526,177
0,650,2155789,2160226,5,3,177
0,504,1984561,2160851,5,65529,176
0,583,2160817,2162443,5,2,176
0,506,2162279,2162813,5,65526,176
0,652,2162779,2164578,5,3,176
0,508,1984437,2165889,5,65529,175
0,582,2165802,2169463,5,2,175
0,510,2169124,2169876,5,65526,175
0,654,2169827,2172293,5,3,175
0,512,1984312,2173026,5,65529,174
0,581,2172991,2174849,5,2,174
0,513,2174342,2175679,5,65526,174
0,656,2175589,2180675,5,3,174
0,515,1984187,2181599,5,65529,173
0,580,2181518,2183996,5,2,173
0,517,2183749,2184447,5,65526,173
0,657,2184413,2187169,5,3,173
0,519,1984063,2187673,5,65529,172
0,579,2187589,2190436,5,2,172
0,522,2190249,2190973,5,65526,172
0,660,2190939,2192708,5,3,172
0,524,1983881,2193407,5,65529,171
0,578,2193322,2194930,5,2,171
0,526,2194562,2195418,5,65526,171
0,662,2195337,2198438,5,3,171
0,527,1982218,2198691,5,65529,170
0,577,2198658,2200536,5,2,170
0,529,2200079,2201053,5,65526,170
0,663,2200969,2206553,5,3,170
0,532,1981551,2211075,5,65529,169
0,576,2210977,2212633,5,2,169
0,534,2212297,2213072,5,65526,169
0,666,2213022,2217064,5,3,169
0,537,1981364,2218137,5,65529,168
0,575,2218048,2220199,5,2,168
0,538,2219953,2220501,5,65526,168
0,668,2220469,2223639,5,3,168
0,539,1980915,2224161,5,65529,167
0,574,2224077,2226052,5,2,167
0,541,2225895,2226435,5,65526,167
0,669,2226403,2229268,5,3,167
0,542,1980717,2229714,5,65529,166
0,573,2229682,2234109,5,2,166
0,545,2233598,2234663,5,65526,166
0,671,2234577,2237016,5,3,166
0,547,1980552,2237597,5,65529,165
0,571,2237511,2239206,5,2,165
0,549,2238970,2239582,5,65526,165
0,673,2239550,2241650,5,3,165
0,551,1980427,2242418,5,65529,164
0,570,2242327,2243679,5,2,164
0,552,2243526,2243942,5,65526,164
0,675,2243859,2248908,5,3,164
0,555,1980302,2249558,5,65529,163
0,569,2249469,2254637,5,2,163
0,558,2254258,2255075,5,65526,163
0,678,2255041,2257076,5,3,163
0,559,1980121,2257645,5,65529,162
0,568,2257559,2258642,5,2,162
0,561,2258478,2261297,5,65526,162
0,679,2261264,2263333,5,3,162
0,563,1979962,2263992,5,65529,161
0,567,2263902,2265957,5,2,161
0,565,2265771,2266429,5,65526,161
0,681,2266395,2269797,5,3,161
0,567,1979612,2270314,5,65529,160
0,566,2270220,2272169,5,2,160
0,569,2271991,2273081,5,65526,160
0,683,2272985,2278055,5,3,160
0,571,1979349,2278724,5,65529,159
0,565,2278638,2281112,5,2,159
0,573,2280909,2281592,5,65526,159
0,685,2281560,2287718,5,3,159
0,577,1979018,2288308,5,65529,158
0,564,2288215,2289352,5,2,158
0,578,2289198,2289590,5,65526,158
0,688,2289557,2292362,5,3,158
0,581,1978723,2293039,5,65529,157
0,563,2293006,2295941,5,2,157
0,582,2295680,2296260,5,65526,157
0,690,2296228,2298948,5,3,157
0,584,1978316,2299345,5,65529,156
0,562,2299313,2302138,5,2,156
0,586,2301897,2302549,5,65526,156
0,692,2302516,2307832,5,3,156
0,588,1978191,2308424,5,65529,155
0,561,2308332,2317883,5,2,155
0,592,2317641,2318606,5,65526,155
0,695,2318572,2322335,5,3,155
0,593,1978038,2322571,5,65529,154
0,560,2322537,2324305,5,2,154
0,595,2323973,2325491,5,65526,154
0,696,2325403,2327717,5,3,154
0,598,1977914,2328397,5,65529,153
0,559,2328313,2334886,5,2,153
0,600,2334720,2335269,5,65526,153
0,699,2335236,2337215,5,3,153
0,601,1977788,2337441,5,65529,152
0,558,2337408,2338721,5,2,152
0,602,2338572,2338955,5,65526,152
0,700,2338922,2342325,5,3,152
0,604,1977589,2343396,5,65529,151
0,557,2343305,2344651,5,2,151
0,606,2344485,2345026,5,65526,151
0,702,2344994,2346928,5,3,151
0,607,1975981,2347232,5,65529,150
0,556,2347200,2355334,5,2,150
0,608,2355149,2355661,5,65526,150
0,703,2355627,2358267,5,3,150
0,610,1975857,2359372,5,65529,149
0,555,2359285,2364796,5,2,149
0,612,2364614,2365169,5,65526,149
0,705,2365135,2371591,5,3,149
0,616,1975731,2372209,5,65529,148
0,554,2372175,2373380,5,2,148
0,618,2373202,2374239,5,65526,148
0,708,2374207,2377627,5,3,148
0,619,1975607,2378159,5,65529,147
0,553,2378127,2380259,5,2,147
0,621,2380045,2380669,5,65526,147
0,493,1932549,2141207,6,65529,26
0,427,2141115,2143482,6,2,26
0,495,2143120,2144403,6,65526,26
0,646,2144313,2147690,6,3,26
0,499,1932706,2152582,6,65529,27
0,428,2152488,2154033,6,2,27
0,501,2153629,2154652,6,65526,27
0,649,2154618,2157615,6,3,27
0,503,1933536,2159098,6,65529,28
0,429,2158999,2161372,6,2,28
0,505,2161196,2161748,6,65526,28
0,651,2161714,2164464,6,3,28
0,507,1933950,2165830,6,65529,29
0,430,2165744,2167635,6,2,29
0,509,2167394,2168041,6,65526,29
0,653,2168007,2170303,6,3,29
0,511,1934279,2171247,6,65529,30
0,431,2171163,2174929,6,2,30
0,514,2174255,2175822,6,65526,30
0,655,2175738,2181364,6,3,30
0,516,1934541,2183013,6,65529,31
0,432,2182926,2185086,6,2,31
0,518,2184691,2185462,6,65526,31
0,658,2185429,2187469,6,3,31
0,520,1934801,2188617,6,65529,32
0,433,2188538,2189967,6,2,32
0,521,2189696,2190451,6,65526,32
0,659,2190360,2192422,6,3,32
0,523,1934924,2193269,6,65529,33
0,434,2193180,2194643,6,2,33
0,525,2194358,2195294,6,65526,33
0,661,2195201,2199845,6,3,33
0,528,1935091,2200972,6,65529,34
0,435,2200881,2202672,6,2,34
0,530,2202374,2203058,6,65526,34
0,664,2203022,2206697,6,3,34
0,531,1935222,2208822,6,65529,35
0,436,2208729,2211798,6,2,35
0,533,2211526,2212288,6,65526,35
0,665,2212254,2215190,6,3,35
0,535,1935355,2216013,6,65529,36
0,437,2215929,2217251,6,2,36
0,536,2216873,2218033,6,65526,36
0,667,2217999,2221892,6,3,36
0,540,1935587,2226211,6,65529,37
0,438,2226119,2230969,6,2,37
0,543,2230775,2231359,6,65526,37
0,670,2231326,2233682,6,3,37
0,544,1935859,2234498,6,65529,38
0,439,2234411,2235650,6,2,38
0,546,2235191,2236082,6,65526,38
0,672,2235999,2238213,6,3,38
0,548,1935999,2239048,6,65529,39
0,440,2238963,2241403,6,2,39
0,550,2241102,2241896,6,65526,39
0,674,2241809,2243744,6,3,39
0,553,1936124,2244537,6,65529,40
0,441,2244446,2245758,6,2,40
0,554,2245450,2246069,6,65526,40
0,676,2246038,2249735,6,3,40
0,556,1936249,2251691,6,65529,41
0,442,2251599,2254323,6,2,41
0,557,2254156,2254817,6,65526,41
0,677,2254733,2258055,6,3,41
0,560,1936738,2259103,6,65529,42
0,443,2259008,2261709,6,2,42
0,562,2261468,2262213,6,65526,42
0,680,2262178,2264154,6,3,42
0,564,1936981,2265643,6,65529,43
0,444,2265565,2267363,6,2,43
0,566,2267115,2267880,6,65526,43
0,682,2267833,2272071,6,3,43
0,568,1937256,2273034,6,65529,44
0,445,2272935,2275048,6,2,44
0,570,2274742,2275546,6,65526,44
0,684,2275512,2280152,6,3,44
0,572,1937381,2280968,6,65529,45
0,446,2280895,2282072,6,2,45
0,574,2281758,2282569,6,65526,45
0,686,2282475,2284694,6,3,45
0,575,1937523,2285280,6,65529,46
0,447,2285194,2287597,6,2,46
0,576,2287329,2287912,6,65526,46
0,687,2287828,2289920,6,3,46
0,579,1937759,2290512,6,65529,47
0,448,2290481,2291614,6,2,47
0,580,2291343,2292044,6,65526,47
0,689,2292012,2294044,6,3,47
0,583,1938005,2297209,6,65529,48
0,449,2297115,2300746,6,2,48
0,585,2300507,2301131,6,65526,48
0,691,2301098,2304626,6,3,48
0,587,1938296,2305427,6,65529,49
0,450,2305335,2308558,6,2,49
0,589,2308263,2308960,6,65526,49
0,693,2308925,2310962,6,3,49
0,590,1938539,2311758,6,65529,50
0,451,2311671,2313783,6,2,50
0,591,2313617,2314034,6,65526,50
0,694,2314002,2322583,6,3,50
0,594,1938668,2323306,6,65529,51
0,452,2323272,2324920,6,2,51
0,596,2324383,2325554,6,65526,51
0,697,2325473,2327554,6,3,51
0,597,1938792,2328331,6,65529,52
0,453,2328248,2329557,6,2,52
0,599,2329312,2330005,6,65526,52
0,698,2329972,2338917,6,3,52
0,603,1938920,2340331,6,65529,53
0,454,2340252,2342490,6,2,53
0,605,2342118,2343538,6,65526,53
0,701,2343457,2350014,6,3,53
0,609,1939070,2356844,6,65529,54
0,455,2356752,2358672,6,2,54
0,611,2358343,2359517,6,65526,54
0,704,2359432,2362266,6,3,54
0,613,1939196,2366049,6,65529,55
0,456,2365954,2368111,6,2,55
0,614,2367868,2368439,6,65526,55
0,706,2368407,2370364,6,3,55
0,615,1939374,2371837,6,65529,56
0,457,2371752,2372986,6,2,56
0,617,2372810,2373422,6,65526,56
0,707,2373336,2375133,6,3,56
0,620,1939533,2380238,6,65529,57
0,458,2380142,2381531,6,2,57
0,622,2381177,2381971,6,65526,57
0,710,2381939,2385387,6,3,57
0,623,1939699,2386530,6,65529,58
0,459,2386434,2387826,6,2,58
0,624,2387580,2388087,6,65526,58
0,711,2388054,2393112,6,3,58
0,627,1939825,2394457,6,65529,59
0,709,2380639,2389001,5,3,147
0,625,1975482,2390449,5,65529,146
0,552,2390360,2392751,5,2,146
0,626,2392545,2392987,5,65526,146
0,712,2392952,2396714,5,3,146
0,628,1975357,2397272,5,65529,145
0,551,2397194,2398873,5,2,145
0,629,2398408,2399249,5,65526,145
0,714,2399216,2402791,5,3,145
0,631,1975233,2403496,5,65529,144
0,550,2403392,2405292,5,2,144
0,633,2405060,2405708,5,65526,144
0,715,2405629,2407517,5,3,144
0,635,1975108,2408091,5,65529,143
0,549,2408014,2410956,5,2,143
0,637,2410345,2411474,5,65526,143
0,717,2411392,2413830,5,3,143
0,639,1974983,2414402,5,65529,142
0,548,2414320,2415513,5,2,142
0,640,2415356,2415731,5,65526,142
0,719,2415699,2420987,5,3,142
0,643,1974855,2421564,5,65529,141
0,547,2421473,2423658,5,2,141
0,645,2423156,2424089,5,65526,141
0,721,2424055,2426891,5,3,141
0,646,1974699,2427249,5,65529,140
0,546,2427158,2429082,5,2,140
0,648,2428894,2429458,5,65526,140
0,723,2429424,2432733,5,3,140
0,649,1974574,2433197,5,65529,139
0,545,2433104,2434386,5,2,139
0,651,2434142,2434751,5,65526,139
0,724,2434720,2439504,5,3,139
0,653,1974409,2440099,5,65529,138
0,544,2440003,2442122,5,2,138
0,655,2441950,2442900,5,65526,138
0,726,2442814,2447682,5,3,138
0,657,1974251,2448216,5,65529,137
0,543,2448125,2450467,5,2,137
0,659,2450272,2450937,5,65526,137
0,728,2450905,2453787,5,3,137
0,661,1973924,2454525,5,65529,136
0,542,2454441,2456796,5,2,136
0,663,2456555,2457705,5,65526,136
0,730,2457622,2459537,5,3,136
0,665,1973434,2459930,5,65529,135
0,541,2459896,2461122,5,2,135
0,666,2460965,2461358,5,65526,135
0,732,2461325,2466870,5,3,135
0,668,1973010,2467442,5,65529,134
0,540,2467408,2469232,5,2,134
0,670,2468671,2470195,5,65526,134
0,734,2470104,2472566,5,3,134
0,673,1968017,2477093,5,65529,133
0,538,2477004,2480750,5,2,133
0,675,2480211,2481799,5,65526,133
0,736,2481712,2487894,5,3,133
0,678,1967871,2488648,5,65529,132
0,536,2488615,2494432,5,2,132
0,679,2494057,2494841,5,65526,132
0,738,2494807,2497730,5,3,132
0,681,1967601,2498319,5,65529,131
0,535,2498230,2503233,5,2,131
0,684,2503023,2504432,5,65526,131
0,741,2504349,2507143,5,3,131
0,686,1967288,2507604,5,65529,130
0,534,2507570,2508911,5,2,130
0,688,2508742,2509285,5,65526,130
0,743,2509251,2515492,5,3,130
0,690,1967054,2516412,5,65529,129
0,533,2516328,2519829,5,2,129
0,693,2519580,2520542,5,65526,129
0,745,2520445,2523052,5,3,129
0,695,1966859,2523659,5,65529,128
0,532,2523626,2526168,5,2,128
0,696,2525888,2526432,5,65526,128
0,747,2526351,2529207,5,3,128
0,699,1966612,2529675,5,65529,127
0,531,2529643,2531655,5,2,127
0,701,2531302,2532203,5,65526,127
0,749,2532171,2537088,5,3,127
0,704,1965945,2537798,5,65529,126
0,530,2537712,2539065,5,2,126
0,705,2538907,2539312,5,65526,126
0,751,2539279,2542018,5,3,126
0,707,1965758,2542658,5,65529,125
0,529,2542581,2545464,5,2,125
0,709,2545278,2545906,5,65526,125
0,753,2545818,2550485,5,3,125
0,712,1965458,2551123,5,65529,124
0,528,2551033,2552775,5,2,124
0,714,2552521,2553696,5,65526,124
0,756,2553663,2558441,5,3,124
0,717,1965298,2559742,5,65529,123
0,460,2394371,2398760,6,2,59
0,630,2398313,2399965,6,65526,59
0,713,2399932,2402959,6,3,59
0,632,1939958,2403761,6,65529,60
0,461,2403679,2406147,6,2,60
0,634,2405850,2406658,6,65526,60
0,716,2406627,2410257,6,3,60
0,636,1942322,2411311,6,65529,61
0,462,2411224,2413068,6,2,61
0,638,2412553,2413965,6,65526,61
0,718,2413877,2416316,6,3,61
0,641,1942508,2417052,6,65529,62
0,463,2417021,2420030,6,2,62
0,642,2419805,2420424,6,65526,62
0,720,2420392,2422795,6,3,62
0,644,1942927,2423794,6,65529,63
0,464,2423709,2427379,6,2,63
0,647,2426969,2427974,6,65526,63
0,722,2427944,2432817,6,3,63
0,650,1943111,2433707,6,65529,64
0,465,2433677,2435859,6,2,64
0,652,2435488,2436365,6,65526,64
0,725,2436333,2441753,6,3,64
0,654,1943476,2442820,6,65529,65
0,466,2442736,2446750,6,2,65
0,656,2446467,2447146,6,65526,65
0,727,2447110,2448997,6,3,65
0,658,1943917,2449974,6,65529,66
0,467,2449940,2451531,6,2,66
0,660,2451208,2452166,6,65526,66
0,729,2452074,2454245,6,3,66
0,662,1949720,2455214,6,65529,67
0,469,2455182,2456993,6,2,67
0,664,2456697,2457756,6,65526,67
0,731,2457671,2461890,6,3,67
0,667,1950024,2467010,6,65529,68
0,470,2466925,2469172,6,2,68
0,669,2468589,2470139,6,65526,68
0,733,2470049,2472498,6,3,68
0,671,1950206,2473901,6,65529,69
0,471,2473809,2475253,6,2,69
0,672,2474866,2475586,6,65526,69
0,735,2475554,2477503,6,3,69
0,674,1950546,2478840,6,65529,70
0,472,2478809,2481294,6,2,70
0,676,2480926,2481998,6,65526,70
0,737,2481910,2487036,6,3,70
0,677,1951203,2487642,6,65529,71
0,473,2487609,2494604,6,2,71
0,680,2494109,2495201,6,65526,71
0,739,2495167,2497944,6,3,71
0,682,1951615,2498795,6,65529,72
0,474,2498761,2499955,6,2,72
0,683,2499743,2504118,6,65526,72
0,740,2504030,2506444,6,3,72
0,685,1951771,2507286,6,65529,73
0,475,2507204,2508373,6,2,73
0,687,2508202,2508753,6,65526,73
0,742,2508720,2510537,6,3,73
0,689,1952030,2512621,6,65529,74
0,476,2512524,2516241,6,2,74
0,691,2515684,2516699,6,65526,74
0,744,2516666,2519509,6,3,74
0,692,1952372,2520486,6,65529,75
0,477,2520396,2521641,6,2,75
0,694,2521421,2522073,6,65526,75
0,746,2522041,2526258,6,3,75
0,697,1952496,2526928,6,65529,76
0,478,2526895,2528011,6,2,76
0,698,2527727,2528394,6,65526,76
0,748,2528361,2530545,6,3,76
0,700,1952624,2531361,6,65529,77
0,479,2531275,2532647,6,2,77
0,702,2532353,2533185,6,65526,77
0,750,2533152,2536479,6,3,77
0,703,1952749,2537075,6,65529,78
0,480,2537043,2540454,6,2,78
0,706,2540161,2540982,6,65526,78
0,752,2540949,2542850,6,3,78
0,708,1952873,2544765,6,65529,79
0,481,2544665,2545904,6,2,79
0,710,2545681,2546333,6,65526,79
0,754,2546253,2550323,6,3,79
0,711,1952998,2551066,6,65529,80
0,482,2550977,2552233,6,2,80
0,713,2551856,2552734,6,65526,80
0,755,2552636,2554680,6,3,80
0,715,1953125,2555537,6,65529,81
0,483,2555446,2558787,6,2,81
0,716,2558399,2559234,6,65526,81
0,757,2559199,2560977,6,3,81
0,718,1955089,2562886,6,65529,82
0,485,2562784,2563901,6,2,82
0,719,2563567,2564509,6,65526,82
0,758,2564477,2567160,6,3,82
0,721,1955304,2568592,6,65529,83
0,527,2559654,2565152,5,2,123
0,720,2564920,2565609,5,65526,123
0,759,2565575,2570582,5,3,123
0,722,1964991,2571217,5,65529,122
0,526,2571119,2575749,5,2,122
0,725,2575252,2576175,5,65526,122
0,761,2576141,2578392,5,3,122
0,727,1963214,2579022,5,65529,121
0,524,2578926,2580971,5,2,121
0,728,2580814,2581191,5,65526,121
0,763,2581157,2583628,5,3,121
0,730,1963092,2584655,5,65529,120
0,523,2584566,2587003,5,2,120
0,732,2586831,2587375,5,65526,120
0,765,2587343,2589848,5,3,120
0,734,1962969,2590337,5,65529,119
0,522,2590308,2592418,5,2,119
0,735,2592212,2592815,5,65526,119
0,766,2592783,2595155,5,3,119
0,737,1962848,2596877,5,65529,118
0,521,2596775,2600393,5,2,118
0,739,2600104,2601058,5,65526,118
0,768,2600976,2602896,5,3,118
0,741,1962726,2603552,5,65529,117
0,520,2603472,2606209,5,2,117
0,742,2605879,2606502,5,65526,117
0,770,2606415,2609163,5,3,117
0,744,1962604,2609843,5,65529,116
0,519,2609750,2614712,5,2,116
0,747,2614406,2615445,5,65526,116
0,772,2615361,2617800,5,3,116
0,749,1962481,2618865,5,65529,115
0,518,2618773,2621226,5,2,115
0,751,2621059,2621600,5,65526,115
0,774,2621566,2625821,5,3,115
0,753,1962361,2626377,5,65529,114
0,517,2626292,2627410,5,2,114
0,754,2627257,2628581,5,65526,114
0,776,2628547,2630948,5,3,114
0,757,1962238,2631565,5,65529,113
0,516,2631469,2632922,5,2,113
0,758,2632713,2633274,5,65526,113
0,778,2633191,2635691,5,3,113
0,760,1962115,2636238,5,65529,112
0,515,2636154,2639268,5,2,112
0,762,2639089,2639663,5,65526,112
0,780,2639629,2642080,5,3,112
0,765,1961994,2642848,5,65529,111
0,514,2642765,2644341,5,2,111
0,766,2644109,2644625,5,65526,111
0,782,2644546,2647300,5,3,111
0,768,1961872,2648354,5,65529,110
0,513,2648266,2649557,5,2,110
0,770,2649390,2649929,5,65526,110
0,784,2649897,2655429,5,3,110
0,772,1961749,2656365,5,65529,109
0,512,2656262,2658839,5,2,109
0,773,2658626,2659068,5,65526,109
0,785,2659035,2661002,5,3,109
0,775,1961629,2661553,5,65529,108
0,511,2661475,2662897,5,2,108
0,776,2662745,2663134,5,65526,108
0,787,2663102,2668817,5,3,108
0,778,1961506,2669499,5,65529,107
0,510,2669407,2671651,5,2,107
0,780,2671324,2672021,5,65526,107
0,789,2671988,2674483,5,3,107
0,782,1961385,2675170,5,65529,106
0,509,2675090,2678737,5,2,106
0,784,2678534,2679168,5,65526,106
0,791,2679095,2681478,5,3,106
0,786,1961263,2682068,5,65529,105
0,508,2681964,2683431,5,2,105
0,788,2683247,2683805,5,65526,105
0,793,2683772,2686293,5,3,105
0,789,1961138,2686520,5,65529,104
0,507,2686487,2687576,5,2,104
0,791,2687341,2687945,5,65526,104
0,794,2687912,2692448,5,3,104
0,793,1960909,2693936,5,65529,103
0,506,2693852,2695862,5,2,103
0,795,2695293,2696449,5,65526,103
0,796,2696359,2698581,5,3,103
0,798,1960651,2700181,5,65529,102
0,505,2700089,2701807,5,2,102
0,800,2701574,2702214,5,65526,102
0,799,2702181,2705225,5,3,102
0,486,2568508,2572336,6,2,83
0,723,2572080,2573338,6,65526,83
0,760,2573294,2575044,6,3,83
0,724,1955935,2575872,6,65529,84
0,487,2575785,2577040,6,2,84
0,726,2576608,2577470,6,65526,84
0,762,2577435,2581434,6,3,84
0,729,1956123,2582268,6,65529,85
0,488,2582235,2583777,6,2,85
0,731,2583364,2584772,6,65526,85
0,764,2584692,2587503,6,3,85
0,733,1956252,2588525,6,65529,86
0,489,2588475,2592949,6,2,86
0,736,2592366,2593672,6,65526,86
0,767,2593640,2596748,6,3,86
0,738,1956377,2597701,6,65529,87
0,490,2597602,2600866,6,2,87
0,740,2600331,2601508,6,65526,87
0,769,2601475,2606345,6,3,87
0,743,1956509,2608176,6,65529,88
0,491,2608098,2609324,6,2,88
0,745,2608953,2610017,6,65526,88
0,771,2609934,2614546,6,3,88
0,746,1956633,2615392,6,65529,89
0,492,2615301,2616637,6,2,89
0,748,2616277,2617237,6,65526,89
0,773,2617204,2619580,6,3,89
0,750,1956757,2620925,6,65529,90
0,493,2620838,2622719,6,2,90
0,752,2622475,2623100,6,65526,90
0,775,2623065,2627340,6,3,90
0,755,1956880,2628882,6,65529,91
0,494,2628795,2630183,6,2,91
0,756,2629717,2630715,6,65526,91
0,777,2630629,2633020,6,3,91
0,759,1957004,2633866,6,65529,92
0,495,2633782,2637400,6,2,92
0,761,2637152,2637933,6,65526,92
0,779,2637898,2639864,6,3,92
0,763,1957128,2640611,6,65529,93
0,496,2640577,2642027,6,2,93
0,764,2641614,2642560,6,65526,93
0,781,2642469,2644459,6,3,93
0,767,1957486,2645127,6,65529,94
0,497,2645042,2647447,6,2,94
0,769,2647172,2648400,6,65526,94
0,783,2648324,2650183,6,3,94
0,771,1957844,2656094,6,65529,95
0,498,2656005,2659493,6,2,95
0,774,2659233,2659937,6,65526,95
0,786,2659903,2663805,6,3,95
0,777,1957967,2668850,6,65529,96
0,499,2668817,2671120,6,2,96
0,779,2670739,2671759,6,65526,96
0,788,2671667,2673815,6,3,96
0,781,1958092,2675064,6,65529,97
0,500,2674963,2676308,6,2,97
0,783,2676009,2676755,6,65526,97
0,790,2676707,2680644,6,3,97
0,785,1958364,2681521,6,65529,98
0,501,2681432,2682570,6,2,98
0,787,2682330,2682999,6,65526,98
0,792,2682965,2686677,6,3,98
0,790,1958486,2687445,6,65529,99
0,502,2687370,2688697,6,2,99
0,792,2688463,2689145,6,65526,99
0,795,2689113,2692522,6,3,99
0,794,1958608,2694439,6,65529,100
0,503,2694353,2695979,6,2,100
0,796,2695351,2696604,6,65526,100
0,797,2696523,2698739,6,3,100
0,797,1958729,2700006,6,65529,101
0,504,2699927,2701261,6,2,101
0,799,2700954,2701814,6,65526,101
0,798,2701724,2704217,6,3,101
0,801,2704994,2705957,6,65523,0
0,800,2705866,193603500,6,4,0
1,4,1288772,1342001,2,65534,0
